{".env":[".env"],"assets/fonts/Cairo-Bold.ttf":["assets/fonts/Cairo-Bold.ttf"],"assets/fonts/Cairo-Medium.ttf":["assets/fonts/Cairo-Medium.ttf"],"assets/fonts/Cairo-Regular.ttf":["assets/fonts/Cairo-Regular.ttf"],"assets/fonts/Cairo-SemiBold.ttf":["assets/fonts/Cairo-SemiBold.ttf"],"assets/icons/Calendar.svg":["assets/icons/Calendar.svg"],"assets/icons/Discovery.svg":["assets/icons/Discovery.svg"],"assets/icons/Dress Vector.svg":["assets/icons/Dress Vector.svg"],"assets/icons/Home.svg":["assets/icons/Home.svg"],"assets/icons/Location.svg":["assets/icons/Location.svg"],"assets/icons/Makup.svg":["assets/icons/Makup.svg"],"assets/icons/Profile.svg":["assets/icons/Profile.svg"],"assets/icons/Star.svg":["assets/icons/Star.svg"],"assets/icons/coloring.svg":["assets/icons/coloring.svg"],"assets/icons/detect_location.svg":["assets/icons/detect_location.svg"],"assets/icons/direction.svg":["assets/icons/direction.svg"],"assets/icons/facial.svg":["assets/icons/facial.svg"],"assets/icons/filter.svg":["assets/icons/filter.svg"],"assets/icons/google_icon.svg":["assets/icons/google_icon.svg"],"assets/icons/hair_cut.svg":["assets/icons/hair_cut.svg"],"assets/icons/linked.svg":["assets/icons/linked.svg"],"assets/icons/map.svg":["assets/icons/map.svg"],"assets/icons/myorders (3).svg":["assets/icons/myorders (3).svg"],"assets/icons/myorders.svg":["assets/icons/myorders.svg"],"assets/icons/nailssvg.svg":["assets/icons/nailssvg.svg"],"assets/icons/notification-icon.svg":["assets/icons/notification-icon.svg"],"assets/icons/search-normal.svg":["assets/icons/search-normal.svg"],"assets/icons/search.svg":["assets/icons/search.svg"],"assets/icons/spa.svg":["assets/icons/spa.svg"],"assets/icons/subtract.svg":["assets/icons/subtract.svg"],"assets/icons/tfsel.svg":["assets/icons/tfsel.svg"],"assets/icons/trash.svg":["assets/icons/trash.svg"],"assets/icons/usersorders.svg":["assets/icons/usersorders.svg"],"assets/icons/waxing.svg":["assets/icons/waxing.svg"],"assets/images/logo.png":["assets/images/logo.png"],"assets/images/logoWithoutName.png":["assets/images/logoWithoutName.png"],"assets/images/map_placeholder.PNG":["assets/images/map_placeholder.PNG"],"assets/images/onboarding5.jpeg":["assets/images/onboarding5.jpeg"],"assets/images/onboarding6.jpeg":["assets/images/onboarding6.jpeg"],"assets/images/onboarding7.jpeg":["assets/images/onboarding7.jpeg"],"assets/images/onboarding8.jpeg":["assets/images/onboarding8.jpeg"],"assets/images/salon.png":["assets/images/salon.png"],"assets/images/tailor.png":["assets/images/tailor.png"],"assets/map_style.json":["assets/map_style.json"],"assets/map_style_dark.json":["assets/map_style_dark.json"],"assets/map_style_light.json":["assets/map_style_light.json"],"packages/cupertino_icons/assets/CupertinoIcons.ttf":["packages/cupertino_icons/assets/CupertinoIcons.ttf"],"shorebird.yaml":["shorebird.yaml"]}