[
  {
    "featureType": "water",
    "elementType": "geometry",
    "stylers": [
      {
        "color": "#b9d3e6"
      },
      {
        "lightness": 17
      }
    ]
  },
  {
    "featureType": "landscape",
    "elementType": "all",
    "stylers": [
      {
        "visibility": "on"
      }
    ]
  },
  {
    "featureType": "landscape.natural",
    "elementType": "all",
    "stylers": [
      {
        "visibility": "on"
      }
    ]
  },
  {
    "featureType": "landscape.natural.landcover",
    "elementType": "all",
    "stylers": [
      {
        "visibility": "on"
      }
    ]
  },
  {
    "featureType": "landscape.natural.terrain",
    "elementType": "all",
    "stylers": [
      {
        "visibility": "on"
      }
    ]
  },
  {
    "featureType": "road.highway",
    "elementType": "geometry.fill",
    "stylers": [
      {
        "color": "#ffffff"
      },
      {
        "lightness": 17
      }
    ]
  },
  {
    "featureType": "road.highway",
    "elementType": "geometry.stroke",
    "stylers": [
      {
        "color": "#ffffff"
      },
      {
        "lightness": 29
      },
      {
        "weight": 0.2
      }
    ]
  },
  {
    "featureType": "road.arterial",
    "elementType": "geometry",
    "stylers": [
      {
        "color": "#ffffff"
      },
      {
        "lightness": 18
      }
    ]
  },
  {
    "featureType": "road.local",
    "elementType": "geometry",
    "stylers": [
      {
        "color": "#ffffff"
      },
      {
        "lightness": 16
      }
    ]
  },
  {
    "featureType": "poi",
    "elementType": "geometry",
    "stylers": [
      {
        "color": "#e5e5e5"
      },
      {
        "lightness": 21
      }
    ]
  },
  {
    "featureType": "poi.park",
    "elementType": "geometry.fill",
    "stylers": [
      {
        "color": "#c8e6c0"
      }
    ]
  },
  {
    "elementType": "labels.text.stroke",
    "stylers": [
      {
        "visibility": "on"
      },
      {
        "color": "#ffffff"
      },
      {
        "lightness": 16
      }
    ]
  },
  {
    "elementType": "labels.text.fill",
    "stylers": [
      {
        "saturation": 36
      },
      {
        "color": "#333333"
      },
      {
        "lightness": 40
      }
    ]
  },
  {
    "featureType": "administrative",
    "elementType": "geometry.fill",
    "stylers": [
      {
        "color": "#fefefe"
      }
    ]
  },
  {
    "featureType": "landscape.man_made",
    "elementType": "geometry",
    "stylers": [
      {
        "color": "#f5f5f5"
      },
      {
        "lightness": 5
      }
    ]
  },
  {
    "featureType": "landscape.man_made",
    "elementType": "geometry.fill",
    "stylers": [
      {
        "color": "#eeeeee"
      }
    ]
  },
  {
    "featureType": "landscape.natural",
    "elementType": "geometry",
    "stylers": [
      {
        "color": "#e8e8e8"
      }
    ]
  },
  {
    "featureType": "poi.business",
    "stylers": [
      {
        "visibility": "on"
      }
    ]
  },
  {
    "featureType": "poi.business",
    "elementType": "geometry.fill",
    "stylers": [
      {
        "color": "#e5e5e5"
      }
    ]
  },
  {
    "featureType": "road",
    "elementType": "geometry.fill",
    "stylers": [
      {
        "color": "#ffffff"
      }
    ]
  },
  {
    "featureType": "road",
    "elementType": "geometry.stroke",
    "stylers": [
      {
        "color": "#e5e5e5"
      }
    ]
  },
  {
    "featureType": "water",
    "elementType": "geometry.fill",
    "stylers": [
      {
        "color": "#b9d3e6"
      }
    ]
  },
  {
    "featureType": "administrative",
    "elementType": "labels.text.fill",
    "stylers": [
      {
        "color": "#444444"
      }
    ]
  },
  {
    "featureType": "landscape.man_made",
    "elementType": "labels.text.fill",
    "stylers": [
      {
        "saturation": 36
      },
      {
        "color": "#333333"
      }
    ]
  }
]
